Question,output,timestamp
介绍一下Python," Python是一种高级编程语言，由Guido van Rossum在1989年创建。它以其简洁易读的语法和强大的功能而闻名，广泛应用于各种领域，包括Web开发、数据分析、人工智能、科学计算等。

### 主要特点

1. **简单易学**：Python的设计目标是让初学者能够快速上手。
2. **动态类型**：变量可以自动推断数据类型，不需要显式声明。
3. **面向对象**：支持类和对象，提供了丰富的面向对象编程特性。
4. **模块化**：使用包（packages）来组织代码，便于管理和维护。
5. **跨平台**：可以在多种操作系统上运行，如Windows、Linux和macOS。
6. **社区活跃**：拥有庞大的开发者社区，提供了大量的库和工具。

### 常用功能

- **字符串处理**：提供丰富的字符串操作函数，如`split()`、`join()`、`format()`等。
- **列表和元组**：用于存储集合的数据，支持切片、排序等功能。
- **字典**：用于存储键值对的数据，支持查找、插入、删除等操作。
- **循环和条件语句**：提供基本的循环结构和",2025-02-19 14:11:49.631590
介绍一下Python," Python是一种高级编程语言，由Guido van Rossum在1989年创建。它以其简洁易读的语法和强大的功能而闻名，广泛应用于各种领域，包括Web开发、数据分析、人工智能、科学计算等。

### 主要特点

1. **简单易学**：Python的设计目标是让初学者能够快速上手。
2. **动态类型**：变量可以自动推断数据类型，不需要显式声明。
3. **面向对象**：支持类和对象，提供了丰富的面向对象编程特性。
4. **模块化**：使用包（packages）来组织代码，便于管理和维护。
5. **跨平台**：可以在多种操作系统上运行，如Windows、Linux和macOS。
6. **社区活跃**：拥有庞大的开发者社区，提供了大量的库和工具。

### 常用功能

- **字符串处理**：提供丰富的字符串操作函数，如`split()`、`join()`、`format()`等。
- **列表和元组**：用于存储集合的数据，支持切片、排序等功能。
- **字典**：用于存储键值对的数据，支持查找、插入、删除等操作。
- **循环和条件语句**：提供基本的循环结构和条件判断机制。
- **异常处理**：通过`try-except`块捕获和处理错误。
- **函数和模块**：定义和调用函数，使用模块进行代码复用。

### 示例代码

```python
# 定义一个函数
def greet(name):
    ",2025-02-19 14:11:52.253523
